,City,Country,Lat,Lng,Max Temp,Humidity,Cloudiness,Wind Speed,Current Descriptions
0,Mount Isa,AU,-20.7333,139.5,78.8,41,6,19.57,clear sky
1,Moose Factory,CA,51.2585,-80.6094,24.8,68,90,8.05,overcast clouds
2,Auki,SB,-8.7676,160.7034,84.92,70,54,2.44,broken clouds
3,Haileybury,CA,47.449,-79.6373,50.0,62,90,8.05,overcast clouds
4,Ahmadpur East,PK,29.1431,71.2598,78.85,17,0,5.26,clear sky
5,Mahébourg,MU,-20.4081,57.7,78.8,78,75,12.66,light rain
6,Ushuaia,AR,-54.8,-68.3,50.0,50,40,1.14,scattered clouds
7,Busselton,AU,-33.65,115.3333,63.19,82,1,1.54,clear sky
8,Upernavik,GL,72.7868,-56.1549,25.66,86,12,6.73,few clouds
9,Hobart,AU,-42.8794,147.3294,55.4,62,75,8.05,broken clouds
10,Ketchikan,US,55.3422,-131.6461,60.8,31,20,13.8,few clouds
11,Kuandian,CN,40.7286,124.7847,52.21,24,5,12.35,clear sky
12,Yaan,NG,7.3833,8.5667,78.06,81,81,5.48,broken clouds
13,Bethel,US,41.3712,-73.414,59.0,31,1,9.22,clear sky
14,Lorengau,PG,-2.0226,147.2712,82.35,77,33,4.9,scattered clouds
15,Tasiilaq,GL,65.6145,-37.6368,42.8,70,75,20.71,broken clouds
16,Arraial do Cabo,BR,-22.9661,-42.0278,75.2,83,40,2.3,scattered clouds
17,Nanortalik,GL,60.1432,-45.2371,40.78,76,99,13.2,overcast clouds
18,Del Rio,US,29.3627,-100.8968,93.2,11,1,6.91,clear sky
19,Vila Franca do Campo,PT,37.7167,-25.4333,59.0,82,75,16.11,broken clouds
20,Buta,CD,2.7858,24.73,69.13,98,100,0.87,moderate rain
21,Ahipara,NZ,-35.1667,173.1667,65.03,55,14,9.13,few clouds
22,Ranau,MY,5.9538,116.6641,82.4,74,20,1.14,few clouds
23,Saint George,US,37.1041,-113.5841,80.6,11,1,18.41,clear sky
24,Albany,US,42.6001,-73.9662,59.0,35,96,2.82,overcast clouds
25,Hermanus,ZA,-34.4187,19.2345,63.0,80,93,1.99,overcast clouds
26,Mahibadhoo,MV,3.7833,72.9667,83.01,74,23,8.01,few clouds
27,Lompoc,US,34.6391,-120.4579,60.8,59,92,13.8,overcast clouds
28,Rikitea,PF,-23.1203,-134.9692,78.71,74,100,14.07,light rain
29,Thompson,CA,55.7435,-97.8558,28.4,43,75,5.75,broken clouds
30,Touros,BR,-5.1989,-35.4608,77.0,88,0,4.61,clear sky
31,Chui,UY,-33.6971,-53.4616,65.17,93,100,8.46,overcast clouds
32,Bluff,NZ,-46.6,168.3333,48.0,79,96,13.0,overcast clouds
33,Hong Kong,HK,22.2855,114.1577,78.01,87,67,1.99,broken clouds
34,San Quintín,MX,30.4833,-115.95,62.01,72,42,18.84,scattered clouds
35,Vanavara,RU,60.34,102.2797,34.59,95,100,0.45,overcast clouds
36,Bima,ID,-8.4667,118.7167,79.54,84,13,3.94,few clouds
37,Cabatuan,PH,10.8794,122.486,82.92,65,97,0.09,overcast clouds
38,Ust-Tsilma,RU,65.441,52.1498,42.48,85,70,7.38,broken clouds
39,Mataura,NZ,-46.1927,168.8643,48.0,79,93,13.0,overcast clouds
40,Butaritari,KI,3.0707,172.7902,82.26,77,36,11.23,light rain
41,Ribeira Grande,PT,38.5167,-28.7,59.76,74,97,20.94,overcast clouds
42,Harbour Breton,CA,47.4833,-55.7983,36.32,90,37,15.55,scattered clouds
43,Ponta do Sol,PT,32.6667,-17.1,57.0,84,46,3.0,scattered clouds
44,Mar del Plata,AR,-38.0023,-57.5575,57.99,88,20,5.75,few clouds
45,Kapaa,US,22.0752,-159.319,80.6,61,20,13.8,light rain
46,Punta Arenas,CL,-53.15,-70.9167,46.4,66,0,16.11,clear sky
47,Aklavik,CA,68.2191,-135.0107,42.8,45,20,8.05,few clouds
48,Qaqortoq,GL,60.7167,-46.0333,53.6,32,90,29.93,overcast clouds
49,Manaus,BR,-3.1019,-60.025,82.4,78,0,6.91,clear sky
50,Quatre Cocos,MU,-20.2078,57.7625,78.8,78,75,12.66,light rain
51,Avarua,CK,-21.2078,-159.775,84.2,70,40,11.5,scattered clouds
52,Victor Harbor,AU,-35.5667,138.6167,64.0,66,37,4.41,scattered clouds
53,Barrow,US,71.2906,-156.7887,28.4,80,1,9.22,clear sky
54,Vardø,NO,70.3705,31.1107,35.13,76,100,20.67,overcast clouds
55,Fengcheng,CN,40.4536,124.0717,52.79,29,6,9.31,clear sky
56,Seoul,KR,37.5683,126.9778,64.4,48,0,13.8,clear sky
57,Nicoya,CR,10.1483,-85.452,83.43,67,80,4.09,broken clouds
58,Kuril'sk,RU,45.2333,147.8833,31.75,92,100,12.28,light snow
59,Saint-Philippe,RE,-21.3585,55.7679,77.0,78,90,20.71,light rain
60,Saint Paul Harbor,US,57.79,-152.4072,44.6,81,90,10.36,mist
61,Saint Anthony,US,45.0205,-93.218,48.99,31,1,11.5,clear sky
62,Ngawen,ID,-7.0032,111.3129,75.31,84,2,4.29,clear sky
63,Guerrero Negro,MX,27.9769,-114.0611,64.08,64,9,19.35,clear sky
64,Itum-Kale,RU,42.7356,45.5758,49.87,92,48,0.89,scattered clouds
65,Baloi,PH,8.1146,124.2217,82.0,74,47,4.0,scattered clouds
66,Airai,TL,-8.9266,125.4092,65.8,71,56,3.36,broken clouds
67,Panguna,PG,-6.3164,155.4848,73.8,83,98,3.11,overcast clouds
68,Hasaki,JP,35.7333,140.8333,64.4,59,75,9.22,broken clouds
69,Daphne,US,30.6035,-87.9036,77.0,83,20,6.91,few clouds
70,Mogadishu,SO,2.0371,45.3438,82.62,75,90,12.26,overcast clouds
71,Abhar,IR,36.1468,49.218,55.53,66,67,2.15,broken clouds
72,Cape Town,ZA,-33.9258,18.4232,60.01,94,0,3.44,clear sky
73,Castro,BR,-24.7911,-50.0119,59.99,74,75,2.01,broken clouds
74,Batagay-Alyta,RU,67.8006,130.4114,23.85,72,100,4.63,overcast clouds
75,Santa Cruz de la Sierra,BO,-17.8,-63.1667,68.0,94,75,3.44,broken clouds
76,Atuona,PF,-9.8,-139.0333,80.67,72,15,14.43,few clouds
77,Churapcha,RU,62.0025,132.4325,25.59,89,99,4.14,overcast clouds
78,Kawalu,ID,-7.3817,108.2082,74.25,86,63,0.78,broken clouds
79,Cabo San Lucas,MX,22.8909,-109.9124,80.6,27,1,9.22,clear sky
80,Gorom-Gorom,BF,14.4439,-0.2361,89.69,7,3,8.81,clear sky
81,Colares,PT,38.7992,-9.4469,63.0,90,52,12.53,broken clouds
82,Yar-Sale,RU,66.8333,70.8333,25.68,98,68,5.01,broken clouds
83,Hervey Bay,AU,-25.2986,152.8535,75.0,66,0,4.0,clear sky
84,Salalah,OM,17.0151,54.0924,82.4,78,40,5.75,scattered clouds
85,Bud,US,39.447,-86.1758,52.0,92,100,3.94,overcast clouds
86,Vaini,TO,-21.2,-175.2,82.4,83,75,5.75,broken clouds
87,Taksimo,RU,56.3444,114.8794,33.4,80,100,2.35,overcast clouds
88,Mount Gambier,AU,-37.8333,140.7667,59.0,82,75,1.14,broken clouds
89,Itoman,JP,26.1247,127.6694,73.4,68,75,14.97,broken clouds
90,Dikson,RU,73.5069,80.5464,3.87,97,58,7.76,broken clouds
91,Khonsa,IN,27.0167,95.5667,66.96,43,3,3.6,clear sky
92,Rūdbār,AF,30.15,62.6,69.3,24,3,7.85,clear sky
93,Brunswick,US,41.2381,-81.8418,53.01,71,90,1.72,overcast clouds
94,Grindavik,IS,63.8424,-22.4338,44.6,93,90,21.85,moderate rain
95,George Town,MY,5.4112,100.3354,81.0,89,20,5.75,few clouds
96,Guarapuava,BR,-25.3953,-51.4581,55.09,96,95,2.21,light rain
97,Sabha,LY,27.0377,14.4283,69.76,39,10,16.58,clear sky
98,Uray,RU,60.1247,64.7758,39.72,81,100,6.96,overcast clouds
99,Muros,ES,42.7762,-9.0603,57.99,93,98,5.93,light rain
100,Dymer,UA,50.7865,30.3026,39.0,69,4,8.95,clear sky
101,Adrar,MR,20.5022,-10.0711,79.99,11,22,9.64,few clouds
102,Acapulco de Juárez,MX,16.8634,-99.8901,84.2,61,40,6.91,scattered clouds
103,Constitución,CL,-35.3333,-72.4167,57.15,69,2,9.62,clear sky
104,Savelugu,GH,9.6244,-0.8253,80.8,69,100,16.04,overcast clouds
105,Roebourne,AU,-20.7833,117.1333,79.74,28,0,14.7,clear sky
106,São Filipe,CV,14.8961,-24.4956,72.46,72,21,9.98,few clouds
107,Ancud,CL,-41.8697,-73.8203,55.99,93,90,5.75,overcast clouds
108,Montepuez,MZ,-13.1256,38.9997,67.59,98,99,5.5,light rain
109,Pangai,TO,-19.8,-174.35,84.2,74,40,6.91,scattered clouds
110,La Palma,US,33.8464,-118.0467,66.99,59,1,11.5,clear sky
111,Narsaq,GL,60.9167,-46.05,53.6,32,90,29.93,overcast clouds
112,Solnechnyy,RU,50.7214,136.6319,34.57,39,41,12.82,scattered clouds
113,Mâncio Lima,BR,-7.6142,-72.8958,74.08,94,61,2.37,broken clouds
114,Sydney,AU,-33.8679,151.2073,66.99,48,20,6.91,few clouds
115,Hithadhoo,MV,-0.6,73.0833,82.99,69,15,7.96,few clouds
116,Ostrovnoy,RU,68.0531,39.5131,34.72,99,100,5.99,overcast clouds
117,Okoneshnikovo,RU,54.8377,75.0834,38.28,54,100,7.65,overcast clouds
118,Port Alfred,ZA,-33.5906,26.891,65.19,83,67,7.74,broken clouds
119,Hambantota,LK,6.1241,81.1185,77.54,87,79,5.93,broken clouds
120,Tuktoyaktuk,CA,69.4541,-133.0374,24.8,86,20,11.5,few clouds
121,Taltal,CL,-25.4,-70.4833,62.62,82,20,3.87,few clouds
122,Jiquilpan,MX,19.7798,-103.7768,80.6,36,1,7.72,clear sky
123,Okhotsk,RU,59.3833,143.3,24.75,63,15,18.1,few clouds
124,Faanui,PF,-16.4833,-151.75,79.86,71,100,9.42,overcast clouds
125,Yellowknife,CA,62.456,-114.3525,18.0,53,75,13.8,broken clouds
126,Brigantine,US,39.4101,-74.3646,55.99,62,75,6.91,broken clouds
127,Cockburn Town,TC,21.4612,-71.1419,78.8,73,40,11.5,scattered clouds
128,Coyhaique,CL,-45.5752,-72.0662,48.2,81,40,4.61,scattered clouds
129,Namatanai,PG,-3.6667,152.4333,84.38,69,34,8.7,scattered clouds
130,Sabang,ID,5.8933,95.3214,82.56,72,100,13.33,overcast clouds
131,Berlevåg,NO,70.8578,29.0864,33.96,74,100,16.6,overcast clouds
132,Longyearbyen,SJ,78.2186,15.6401,24.8,74,75,3.44,broken clouds
133,Shelburne,CA,44.0787,-80.2041,57.99,35,90,3.44,overcast clouds
134,Cidreira,BR,-30.1811,-50.2056,68.9,88,60,6.96,broken clouds
135,Vila,PT,42.0304,-8.1588,55.0,89,100,2.86,overcast clouds
136,Oboyan',RU,51.2098,36.2792,33.8,75,4,11.18,clear sky
137,Neuquén,AR,-38.9516,-68.0591,55.4,82,0,3.6,clear sky
138,Chardara,KZ,41.2547,67.9692,61.77,47,6,8.32,clear sky
139,Pochutla,MX,15.7432,-96.4661,84.99,65,75,11.5,broken clouds
140,Tuatapere,NZ,-46.1333,167.6833,48.0,79,95,13.0,overcast clouds
141,Krasnosel'kup,RU,65.7,82.4667,30.27,94,100,7.0,overcast clouds
142,Lübbenau,DE,51.8667,13.9667,41.0,80,40,1.14,scattered clouds
143,Nkoteng,CM,4.5167,12.0333,69.08,97,69,1.25,broken clouds
144,Camopi,GF,3.1655,-52.3158,73.74,99,100,3.62,overcast clouds
145,Douentza,ML,14.9951,-2.9517,86.95,11,64,2.89,broken clouds
146,Praia da Vitória,PT,38.7333,-27.0667,57.2,94,75,26.89,broken clouds
147,Belmonte,BR,-15.8631,-38.8828,78.8,78,20,6.91,few clouds
148,Geraldton,AU,-28.7667,114.6,64.4,68,64,6.6,broken clouds
149,Stillwater,US,36.1156,-97.0584,71.6,37,1,3.44,clear sky
150,Dābhol,IN,17.6,73.1667,74.75,75,34,2.53,scattered clouds
151,Norman Wells,CA,65.282,-126.8329,42.8,42,75,17.27,broken clouds
152,Vao,NC,-22.6667,167.4833,75.63,68,100,11.41,overcast clouds
153,Santarém,BR,-2.4431,-54.7083,82.4,83,0,8.05,clear sky
154,Biak,ID,-0.9131,122.8766,80.53,71,94,5.21,overcast clouds
155,Kavieng,PG,-2.5744,150.7967,84.22,72,50,10.49,scattered clouds
156,Torbay,CA,47.6666,-52.7314,39.99,87,20,12.66,few clouds
157,Santa Isabel,BR,-23.3156,-46.2214,66.2,88,75,3.44,broken clouds
158,Puerto Ayora,EC,-0.7393,-90.3518,75.99,95,67,8.01,broken clouds
159,Nuuk,GL,64.1835,-51.7216,39.2,65,20,17.27,few clouds
160,Katherine,AU,-14.4667,132.2667,77.0,29,93,8.05,overcast clouds
161,Roald,NO,62.5833,6.1333,34.0,93,75,4.61,broken clouds
162,Riobamba,EC,-1.6667,-78.6333,75.2,78,40,6.91,light rain
163,New Norfolk,AU,-42.7826,147.0587,55.0,68,89,6.55,overcast clouds
164,Port Elizabeth,ZA,-33.918,25.5701,59.0,94,90,3.44,overcast clouds
165,Ferme-Neuve,CA,46.7001,-75.4493,60.8,29,92,4.61,overcast clouds
166,Westport,US,41.1415,-73.3579,57.2,47,1,12.66,clear sky
167,Aksu,CN,41.1231,80.2644,53.33,34,65,4.76,broken clouds
168,Jamestown,US,42.097,-79.2353,53.6,40,90,10.36,overcast clouds
169,Lüderitz,NA,-26.6481,15.1594,64.18,73,68,4.54,broken clouds
170,Sobolevo,RU,54.4299,31.8996,30.16,89,62,8.48,broken clouds
171,Beringovskiy,RU,63.05,179.3167,32.22,93,100,4.16,overcast clouds
172,Khandyga,RU,62.6667,135.6,21.24,87,100,2.71,overcast clouds
173,East London,ZA,-33.0153,27.9116,64.72,78,67,5.01,broken clouds
174,Isangel,VU,-19.55,169.2667,87.8,66,75,2.3,broken clouds
175,General Cepeda,MX,25.3833,-101.45,82.4,24,40,6.91,scattered clouds
176,Anadyr,RU,64.75,177.4833,33.8,86,20,8.95,fog
177,Nome,US,64.5011,-165.4064,39.2,70,1,4.61,clear sky
178,Presidente Epitácio,BR,-21.7633,-52.1156,73.71,37,43,2.04,scattered clouds
179,Bredasdorp,ZA,-34.5322,20.0403,48.2,93,92,3.44,overcast clouds
180,Naze,JP,28.3667,129.4833,75.2,60,20,20.71,few clouds
181,Lebu,CL,-37.6167,-73.65,54.27,81,0,15.93,clear sky
182,Baní,DO,18.2833,-70.3333,81.0,78,10,3.0,clear sky
183,Katastari,GR,37.8333,20.7667,57.0,88,40,4.61,scattered clouds
184,Lagoa,PT,39.05,-27.9833,58.96,82,52,24.65,broken clouds
185,Hilo,US,19.7297,-155.09,75.2,73,90,10.36,light rain
186,Fort Nelson,CA,58.8053,-122.7002,48.2,23,40,8.05,scattered clouds
187,Tevaitoa,PF,-16.7833,-151.5,79.54,73,100,9.86,light rain
188,Los Llanos de Aridane,ES,28.6585,-17.9182,68.0,45,0,9.22,clear sky
189,Fairbanks,US,64.8378,-147.7164,62.6,23,1,5.75,clear sky
190,Contamana,PE,-7.3333,-75.0167,78.06,78,54,2.64,broken clouds
191,Carnarvon,AU,-24.8667,113.6333,68.0,60,0,6.91,clear sky
192,Chunhuhub,MX,19.55,-88.6833,83.25,47,42,5.7,scattered clouds
193,Tay Ninh,VN,11.3,106.1,82.02,74,35,7.07,scattered clouds
194,Katsuura,JP,35.1333,140.3,64.99,59,75,13.8,broken clouds
195,Allen,US,41.0706,-85.0144,51.8,82,90,4.05,overcast clouds
196,Nikolskoye,RU,59.7035,30.7861,37.0,86,0,6.71,clear sky
197,Bengkulu,ID,-3.8004,102.2655,75.83,85,67,3.31,broken clouds
198,Belyy Yar,RU,53.6039,91.3903,32.0,64,0,4.47,clear sky
199,Bonthe,SL,7.5264,-12.505,80.69,79,9,5.66,clear sky
200,Padang,ID,-0.9492,100.3543,73.4,100,40,1.14,scattered clouds
201,Karratha,AU,-20.7377,116.8463,79.81,28,0,12.68,clear sky
202,Chapais,CA,49.7834,-74.8492,39.2,60,1,10.36,clear sky
203,Tsumeb,NA,-19.2333,17.7167,55.4,58,3,3.44,clear sky
204,Wilkie,CA,52.4168,-108.7014,42.8,22,75,4.61,broken clouds
205,Khatanga,RU,71.9667,102.5,31.35,94,100,19.13,light snow
206,North Bend,US,43.4065,-124.2243,51.8,87,90,14.97,overcast clouds
207,Marshfield,US,44.6689,-90.1718,41.0,81,90,19.57,overcast clouds
208,Sisimiut,GL,66.9395,-53.6735,36.37,74,1,3.4,clear sky
209,Kozhva,RU,65.1073,57.0459,39.43,76,91,6.85,overcast clouds
210,Carman,CA,49.4992,-98.0016,48.2,17,100,10.36,overcast clouds
211,Nanton,CA,50.3501,-113.7687,39.0,75,100,8.05,overcast clouds
212,Aswān,EG,24.0934,32.907,80.98,12,1,10.27,clear sky
213,Bonavista,CA,48.6499,-53.1147,39.99,75,71,6.91,broken clouds
214,Laguna,US,38.421,-121.4238,66.2,42,75,14.97,broken clouds
215,San Andrés,CO,12.5847,-81.7006,82.4,69,20,10.36,few clouds
216,Phalodi,IN,27.1333,72.3667,76.86,18,0,8.25,clear sky
217,Mandalī,IQ,33.7499,45.5541,82.38,8,51,8.5,broken clouds
218,Usinsk,RU,65.9939,57.5281,34.68,88,82,8.19,broken clouds
219,Port Blair,IN,11.6667,92.75,81.45,71,13,1.88,few clouds
220,Karlshus,NO,59.352,10.8723,37.0,51,8,9.22,clear sky
221,Kuytun,RU,54.3419,101.5036,33.57,72,100,3.22,overcast clouds
222,Fortuna,US,40.5982,-124.1573,55.99,50,1,6.91,clear sky
223,Mossamedes,AO,-15.1961,12.1522,77.86,78,31,0.83,scattered clouds
224,Tiksi,RU,71.6872,128.8694,32.22,92,100,11.43,overcast clouds
225,Iquique,CL,-20.2208,-70.1431,66.2,55,0,10.36,clear sky
226,Port Hedland,AU,-20.3167,118.5667,80.6,24,0,14.97,clear sky
227,Zwedru,LR,6.0667,-8.1281,74.89,95,65,2.8,broken clouds
228,Saint-Augustin,CA,51.226,-58.6502,36.97,74,99,7.99,overcast clouds
229,São João da Barra,BR,-21.6403,-41.0511,71.76,84,4,2.89,clear sky
230,Kwang Binh,VN,17.4833,106.6,81.18,81,94,3.69,overcast clouds
231,Leningradskiy,RU,69.3833,178.4167,31.35,82,97,2.51,overcast clouds
232,Kaitangata,NZ,-46.2817,169.8464,51.01,60,73,15.01,light rain
233,Klaksvík,FO,62.2266,-6.589,42.8,81,20,4.83,few clouds
234,Chara,RU,56.9064,118.2631,27.54,67,100,0.96,overcast clouds
235,San Francisco de Macorís,DO,19.2952,-70.2554,78.8,73,20,10.36,few clouds
236,Monchegorsk,RU,67.9397,32.8739,30.99,100,100,11.39,snow
237,Qaanaaq,GL,77.484,-69.3632,26.29,68,95,7.36,overcast clouds
238,Uruçuí,BR,-7.2294,-44.5561,77.63,84,65,2.26,broken clouds
239,Rocha,UY,-34.4833,-54.3333,63.99,88,99,14.27,overcast clouds
240,Den Helder,NL,52.9599,4.7593,45.0,65,90,11.5,overcast clouds
241,Linxia Chengguanzhen,CN,35.6003,103.2064,43.23,81,99,0.78,overcast clouds
242,Mergen,CN,49.1833,125.2167,45.46,39,3,10.49,clear sky
243,Puerto Madero,MX,14.7208,-92.4215,84.2,74,75,6.91,broken clouds
244,Mehamn,NO,71.0357,27.8492,31.98,81,96,18.05,light snow
245,Cherskiy,RU,68.75,161.3,20.3,86,95,14.27,overcast clouds
246,Burnie,AU,-41.0667,145.9167,57.99,63,25,8.01,scattered clouds
247,Sistranda,NO,63.7256,8.834,33.8,86,75,3.44,light rain
248,Lac du Bonnet,CA,50.2536,-96.0612,45.0,42,100,4.12,overcast clouds
249,Souillac,MU,-20.5167,57.5167,78.8,78,75,12.66,light rain
250,São Miguel do Araguaia,BR,-13.275,-50.1628,76.3,63,15,2.86,few clouds
251,Grand Gaube,MU,-20.0064,57.6608,77.0,84,100,7.0,light rain
252,Port Augusta,AU,-32.5,137.7667,64.4,68,0,4.61,clear sky
253,Richards Bay,ZA,-28.783,32.0377,68.31,86,74,11.48,broken clouds
254,Margate,GB,51.3813,1.3862,46.0,71,37,3.0,scattered clouds
255,Sibolga,ID,1.7427,98.7792,75.45,86,100,2.59,overcast clouds
256,Cabedelo,BR,-6.9811,-34.8339,77.0,94,40,2.3,scattered clouds
257,Yumen,CN,40.2833,97.2,48.52,35,35,6.62,scattered clouds
258,Port Hardy,CA,50.6996,-127.4199,50.0,87,90,4.61,light rain
259,Harare,ZW,-17.8294,31.0539,57.99,84,92,5.01,overcast clouds
260,Tateyama,JP,34.9833,139.8667,64.99,59,75,13.8,broken clouds
261,Dauphin,CA,51.1494,-100.0502,44.6,26,1,9.22,clear sky
262,Djibouti,DJ,11.5,42.5,82.4,78,20,11.9,few clouds
263,Campbell River,CA,50.0163,-125.2446,50.0,81,90,5.75,overcast clouds
264,Jos,NG,9.9167,8.9,71.56,67,100,6.13,overcast clouds
265,Umluj,SA,25.0213,37.2685,77.56,74,0,3.65,clear sky
266,Gimli,CA,50.6336,-96.9907,37.4,44,94,4.61,overcast clouds
267,Lapua,FI,62.9693,23.0088,32.0,95,100,1.01,overcast clouds
268,Brae,GB,60.3964,-1.353,39.2,81,78,6.91,broken clouds
269,Meulaboh,ID,4.1363,96.1285,75.06,86,97,3.89,overcast clouds
270,Borbon,PH,10.838,124.0297,86.0,70,40,8.05,scattered clouds
271,Quang Ngai,VN,15.1167,108.8,81.75,71,39,3.09,scattered clouds
272,Verkhnevilyuysk,RU,63.4453,120.3167,33.01,91,100,4.0,overcast clouds
273,Gizo Government Station,SB,-8.103,156.8419,84.94,68,78,8.52,broken clouds
274,Yangi Marg`ilon,UZ,40.4272,71.7189,55.4,47,23,6.91,few clouds
275,Porteirinha,BR,-15.7433,-43.0283,75.79,43,6,6.78,clear sky
276,The Valley,AI,18.217,-63.0578,79.0,69,20,10.36,few clouds
277,Codrington,AU,-38.2667,141.9667,57.88,77,87,5.99,overcast clouds
278,Mīnāb,IR,27.1467,57.0801,75.2,60,20,6.91,haze
279,Knysna,ZA,-34.0363,23.0471,57.2,94,90,4.61,overcast clouds
280,Marabá,BR,-5.3686,-49.1178,75.02,95,91,1.7,overcast clouds
281,Biloela,AU,-24.4167,150.5,74.84,40,0,8.79,clear sky
282,Slave Lake,CA,55.2834,-114.769,39.2,33,1,4.61,clear sky
283,Jorochito,BO,-18.05,-63.4333,68.0,94,75,3.44,broken clouds
284,Neturhāt,IN,23.4833,84.2667,67.62,20,17,3.06,few clouds
285,Qaryat Sulūq,LY,31.6682,20.2521,61.07,77,33,20.74,scattered clouds
286,Chokurdakh,RU,70.6333,147.9167,9.21,80,4,6.33,clear sky
287,Popondetta,PG,-8.7537,148.2534,84.83,68,97,1.28,moderate rain
288,Ust-Nera,RU,64.5667,143.2,12.15,87,47,4.79,scattered clouds
289,Nizhniy Ingash,RU,56.2,96.53,30.92,91,93,4.61,overcast clouds
290,Atlantic Beach,US,30.3344,-81.3987,66.2,94,1,9.22,clear sky
291,Ilhabela,BR,-23.7781,-45.3581,70.2,87,30,2.51,scattered clouds
292,Marquette,US,46.5333,-87.6335,32.0,92,100,12.21,overcast clouds
293,Sun City West,US,33.662,-112.3413,91.0,7,1,11.5,clear sky
294,Ganzhou,CN,28.8184,115.4327,61.43,90,100,7.09,light rain
295,Wanning,CN,18.8003,110.3967,80.82,83,60,9.22,broken clouds
296,Pathein,MM,16.7833,94.7333,79.79,74,34,5.32,scattered clouds
297,Mingyue,CN,43.1069,128.9217,49.77,23,0,9.4,clear sky
298,Kīhei,US,20.785,-156.4656,82.4,57,40,26.46,scattered clouds
299,Beaverlodge,CA,55.2166,-119.4361,41.0,26,75,2.3,broken clouds
300,Ascension,US,30.2169,-90.9001,82.4,51,1,11.5,clear sky
301,Saldanha,ZA,-33.0117,17.9442,57.2,77,98,3.44,overcast clouds
302,Llanes,ES,43.4198,-4.7549,63.0,70,99,2.66,overcast clouds
303,Sept-Îles,CA,50.2001,-66.3821,43.0,81,20,12.66,few clouds
304,Yurimaguas,PE,-5.9,-76.0833,79.21,77,90,1.36,overcast clouds
305,Akot,IN,21.0964,77.0586,85.64,19,56,4.9,broken clouds
306,Ilulissat,GL,69.2167,-51.1,46.4,46,11,21.85,few clouds
307,Itarema,BR,-2.9248,-39.9167,78.4,86,99,10.25,overcast clouds
308,Mitú,CO,1.1983,-70.1733,74.53,94,73,2.33,moderate rain
309,Japura,ID,-0.3167,102.35,73.76,98,95,1.01,overcast clouds
310,Labuan,MY,5.2767,115.2417,80.6,89,20,5.46,few clouds
311,Sørland,NO,67.667,12.6934,36.55,59,86,20.62,light rain
312,Kermanshah,IR,34.3142,47.065,48.2,31,0,0.11,clear sky
313,Abomsa,ET,9.9833,39.9833,71.56,64,99,10.94,light rain
314,Deori Khās,IN,23.4,79.0167,79.12,12,76,3.18,broken clouds
315,Bowen,AU,-20.0167,148.2333,77.0,73,90,16.11,overcast clouds
316,Necochea,AR,-38.5473,-58.7368,59.0,75,40,1.99,scattered clouds
317,Ormara,PK,25.2088,64.6357,79.63,77,0,1.45,clear sky
318,Río Gallegos,AR,-51.6226,-69.2181,48.2,71,0,3.44,clear sky
319,Gunjur,GM,13.2019,-16.7339,68.0,88,0,12.66,clear sky
320,Kondinskoye,RU,59.6481,67.41,40.87,66,100,7.4,overcast clouds
321,Krasnovishersk,RU,60.4078,57.082,40.55,85,100,9.26,overcast clouds
322,Paris,FR,48.8534,2.3488,53.01,53,0,12.66,clear sky
323,Pevek,RU,69.7008,170.3133,27.03,94,100,9.24,light snow
324,Bayir,TR,37.2687,28.2167,64.4,59,75,5.75,broken clouds
325,Bathsheba,BB,13.2167,-59.5167,78.8,61,40,18.41,scattered clouds
326,Pedernales,DO,18.0384,-71.744,79.95,72,42,10.29,scattered clouds
327,Yulara,AU,-25.2406,130.9889,66.2,39,10,14.97,clear sky
328,Saskylakh,RU,71.9167,114.0833,30.74,96,98,8.86,light snow
329,Portland,US,45.5234,-122.6762,54.0,71,90,8.05,overcast clouds
330,Nesebar,BG,42.7833,27.7333,44.6,93,75,8.05,broken clouds
331,Chauk,MM,20.8833,94.8167,86.43,40,79,9.48,broken clouds
332,Erenhot,CN,43.6475,111.9767,57.33,45,100,15.7,overcast clouds
333,Ulaanbaatar,MN,47.9077,106.8832,42.8,61,75,29.08,broken clouds
334,Chikwawa,MW,-16.0335,34.8009,68.63,81,53,2.46,broken clouds
335,Koungheul,SN,13.9833,-14.8,81.1,29,30,10.47,scattered clouds
336,Colquechaca,BO,-18.6667,-66.0167,33.82,67,38,4.54,light rain
337,Skellefteå,SE,64.7507,20.9528,30.99,86,90,13.8,light snow
338,Cuamba,MZ,-14.8031,36.5372,64.38,93,39,1.41,scattered clouds
339,Jaora,IN,23.6333,75.1333,80.87,15,100,9.73,overcast clouds
340,Jumla,NP,29.2747,82.1838,41.54,60,1,6.64,clear sky
341,Pindwāra,IN,24.8,73.0667,75.58,20,1,3.4,clear sky
342,Kupang,ID,-10.1667,123.5833,80.24,75,8,8.21,clear sky
343,Awjilah,LY,29.1081,21.2869,62.01,79,0,20.2,clear sky
344,Cedar City,US,37.6775,-113.0619,66.2,13,1,24.16,clear sky
345,Riyadh,SA,24.6877,46.7219,78.8,21,0,6.17,clear sky
346,Kruisfontein,ZA,-34.0033,24.7314,59.0,94,63,1.99,broken clouds
347,Puerto Concordia,CO,2.6221,-72.7572,78.37,82,89,3.49,overcast clouds
348,Mana,GF,5.6592,-53.7767,77.76,88,100,10.54,overcast clouds
349,Langsa,ID,4.4683,97.9683,73.63,93,100,2.35,overcast clouds
350,Mahon,ES,39.8885,4.2658,57.2,94,75,8.05,broken clouds
351,Paamiut,GL,61.994,-49.6678,39.78,76,100,7.96,overcast clouds
352,Juntas,CR,10.2809,-84.9595,82.51,63,91,5.1,overcast clouds
353,Xinglongshan,CN,43.9561,125.4661,51.8,24,0,4.47,clear sky
354,Provideniya,RU,64.3833,-173.3,39.63,72,96,1.25,overcast clouds
355,La Ronge,CA,55.1001,-105.2842,30.2,47,40,6.91,scattered clouds
356,Kaeo,NZ,-35.1,173.7833,66.99,67,6,5.99,clear sky
357,Bilibino,RU,68.0546,166.4372,28.53,91,100,3.89,overcast clouds
358,Greenfield,US,42.9614,-88.0126,53.01,76,90,13.04,overcast clouds
359,Lagos,NG,6.5833,3.75,80.6,94,40,9.22,scattered clouds
360,Kieta,PG,-6.2167,155.6333,80.01,83,99,5.64,overcast clouds
361,Palana,RU,59.1167,159.9667,29.61,98,100,2.26,light snow
362,Kubinka,RU,55.5839,36.69,35.01,80,0,15.66,clear sky
363,Setermoen,NO,68.861,18.3486,23.0,80,47,3.44,scattered clouds
364,Maningrida,AU,-12.0667,134.2667,79.12,62,59,7.78,broken clouds
365,Nurobod,UZ,40.9056,69.8023,55.4,44,0,6.91,clear sky
366,Bundaberg,AU,-24.85,152.35,75.2,53,40,8.05,scattered clouds
367,Bambous Virieux,MU,-20.3428,57.7575,78.8,78,75,12.66,light rain
368,Turukhansk,RU,65.8167,87.9833,31.5,98,100,7.94,light snow
369,Voh,NC,-20.9667,164.7,76.26,86,100,5.28,overcast clouds
370,Gao,ML,16.6362,1.637,84.94,7,3,5.91,clear sky
371,Ust-Kuyga,RU,70.0167,135.6,25.74,91,100,10.78,light snow
372,Hamilton,US,39.1834,-84.5333,53.01,87,90,4.61,overcast clouds
373,Dhrol,IN,22.5667,70.4167,80.76,68,52,7.23,broken clouds
374,Maksatikha,RU,57.797,35.8825,34.3,88,100,11.79,light snow
375,Goiatuba,BR,-18.0125,-49.3547,67.96,37,4,4.07,clear sky
376,Caucayá,CO,-0.1934,-74.7819,74.86,93,95,1.92,overcast clouds
377,Bahía Honda,CU,22.9036,-83.1592,80.65,71,90,9.48,overcast clouds
378,Bereda,ES,43.2686,-7.5406,54.0,100,99,5.01,overcast clouds
379,Tessalit,ML,20.1986,1.0114,87.06,7,0,6.29,clear sky
380,Tabou,CI,4.423,-7.3528,80.51,84,94,7.25,light rain
381,Esperance,AU,-33.8667,121.9,60.8,72,59,17.27,broken clouds
382,Grevenbroich,DE,51.091,6.5827,42.01,70,62,5.75,broken clouds
383,Guiren,CN,33.6697,118.1889,56.7,92,100,8.59,overcast clouds
384,Māndalgarh,IN,25.2,75.1,74.39,17,47,5.37,scattered clouds
385,Nishihara,JP,26.1842,127.7558,73.4,78,75,13.8,broken clouds
386,San Rafael del Sur,NI,11.8485,-86.4384,89.6,45,20,6.91,few clouds
387,San Luis,AR,-33.295,-66.3356,56.5,64,1,10.71,clear sky
388,Ambon City,ID,-3.6954,128.1814,87.8,66,40,3.44,scattered clouds
389,Olot,ES,42.181,2.4901,55.0,44,100,4.18,overcast clouds
390,Mackay,AU,-21.15,149.2,75.2,88,40,14.97,scattered clouds
391,Ternate,ID,0.8,127.4,83.41,74,77,6.2,broken clouds
392,Sukpak,RU,51.6667,94.6333,33.91,65,98,7.31,overcast clouds
393,Pitkyaranta,RU,61.5734,31.4792,34.09,89,100,5.57,overcast clouds
394,Porto Torres,IT,40.835,8.3972,46.4,93,0,4.61,clear sky
395,Tilichiki,RU,60.4667,166.1,29.48,98,100,2.66,light snow
396,Tornio,FI,65.8481,24.1466,32.0,93,90,13.8,light rain and snow
397,Denia,ES,38.8408,0.1057,59.0,88,89,8.01,overcast clouds
398,Kahului,US,20.8947,-156.47,82.4,57,40,26.46,scattered clouds
399,Novaya Lyalya,RU,59.055,60.599,37.85,83,100,6.93,overcast clouds
400,Gravdal,NO,68.1214,13.5031,34.12,75,97,15.77,light snow
401,Carmaux,FR,44.051,2.158,55.99,49,100,1.99,overcast clouds
402,Hofn,IS,64.2539,-15.2082,45.09,89,90,4.16,overcast clouds
403,Normandin,CA,48.8333,-72.5321,55.4,38,96,16.11,overcast clouds
404,Nyrob,RU,60.733,56.7202,40.82,87,100,9.75,overcast clouds
405,Abu Samrah,SY,35.3029,37.1841,72.12,35,60,4.07,broken clouds
406,Manta,EC,-0.95,-80.7333,77.0,83,40,6.91,scattered clouds
407,Kintampo,GH,8.0563,-1.7306,73.02,92,100,5.48,overcast clouds
408,Pacific Grove,US,36.6177,-121.9166,62.6,51,1,11.5,clear sky
409,Sioux Lookout,CA,50.1001,-91.917,35.6,30,40,4.61,scattered clouds
410,Iqaluit,CA,63.7506,-68.5145,30.2,93,75,3.44,broken clouds
411,Berbera,SO,10.4396,45.0143,83.39,79,42,3.36,scattered clouds
412,Pristen',RU,51.2355,36.6959,33.8,75,4,11.18,clear sky
413,Arrondissement de Narbonne,FR,43.0833,2.8333,55.99,67,97,3.0,overcast clouds
414,Gambēla,ET,8.25,34.5833,75.87,71,82,2.86,broken clouds
415,Seondha,IN,26.1578,78.7797,75.45,20,73,6.91,broken clouds
416,Petropavlovsk-Kamchatskiy,RU,53.0452,158.6483,35.6,100,90,6.71,overcast clouds
417,Huarmey,PE,-10.0681,-78.1522,68.04,84,9,9.48,clear sky
418,Tangi,PK,34.3006,71.6536,66.2,55,12,4.61,haze
419,Yining,CN,29.0361,114.5636,60.15,96,100,2.82,overcast clouds
420,Hwange,ZW,-18.3693,26.5019,65.28,64,19,3.69,few clouds
421,Coquimbo,CL,-29.9533,-71.3436,59.0,77,0,3.44,clear sky
422,Tadine,NC,-21.55,167.8833,76.46,71,99,9.86,overcast clouds
423,Lumeje,AO,-11.55,20.7833,63.54,91,79,4.29,broken clouds
424,Álamo,MX,20.9167,-97.6833,87.8,84,1,18.41,clear sky
425,Haldensleben I,DE,52.2891,11.4098,42.01,71,48,2.44,scattered clouds
426,Kudamatsu,JP,34.0,131.8667,66.2,48,40,8.05,scattered clouds
427,Hualmay,PE,-11.0964,-77.6139,66.76,87,7,9.13,clear sky
428,Acajutla,SV,13.5928,-89.8275,86.0,54,20,6.91,few clouds
429,Jālna,IN,19.8333,75.8833,80.6,47,20,8.16,few clouds
430,Trujillo,PE,-8.116,-79.03,62.6,94,28,11.5,scattered clouds
431,Severo-Kuril'sk,RU,50.6789,156.125,35.02,97,100,4.85,overcast clouds
432,Morbegno,IT,46.1383,9.57,52.0,78,44,5.32,scattered clouds
433,Kaupanger,NO,61.1845,7.2404,28.99,79,9,1.57,clear sky
434,Narasannapeta,IN,18.4167,84.05,78.01,86,5,6.44,clear sky
435,Bend,US,44.0582,-121.3153,55.4,30,1,19.57,clear sky
436,Kolondiéba,ML,11.0882,-6.8926,85.06,47,23,7.96,few clouds
437,Raudeberg,NO,61.9875,5.1352,37.0,79,66,12.46,broken clouds
438,Enshi,CN,30.3,109.4833,57.6,92,100,2.37,overcast clouds
439,Boa Vista,BR,2.8197,-60.6733,84.2,65,20,8.05,few clouds
440,Viedma,AR,-40.8135,-62.9967,56.16,70,66,7.36,broken clouds
441,Shepsi,RU,44.0361,39.1489,51.33,69,100,11.34,light rain
442,Deputatsky,RU,69.3,139.9,17.2,87,100,5.66,overcast clouds
443,Kompaniyivka,UA,48.2511,32.208,36.19,67,6,7.38,clear sky
444,Altay,CN,47.8667,88.1167,24.55,50,30,6.29,scattered clouds
445,Carson City,US,39.1638,-119.7674,59.0,30,1,17.27,clear sky
446,Pedra Azul,BR,-16.0053,-41.2972,70.81,79,71,3.36,broken clouds
447,Qandala,SO,11.472,49.8728,84.52,69,36,5.64,scattered clouds
448,Henties Bay,NA,-22.116,14.2845,63.66,85,0,0.74,clear sky
449,Lavrentiya,RU,65.5833,-171.0,32.95,92,89,2.08,overcast clouds
450,San Patricio,US,28.017,-97.5169,90.0,20,20,13.8,few clouds
451,Quelimane,MZ,-17.8786,36.8883,69.01,92,34,2.75,scattered clouds
452,Port Lincoln,AU,-34.7333,135.8667,62.22,59,0,2.59,clear sky
453,Masterton,NZ,-40.9597,175.6575,64.0,56,5,8.01,clear sky
454,Micheweni,TZ,-4.9667,39.8333,78.35,86,99,6.91,light rain
455,Muzhi,RU,65.3667,64.6667,30.81,93,37,5.21,scattered clouds
456,Sola,VU,-13.8833,167.55,82.4,89,90,17.49,moderate rain
457,Alice Springs,AU,-23.7,133.8833,64.4,42,0,10.36,clear sky
458,Yantal',RU,56.8471,105.2542,33.98,93,100,7.38,overcast clouds
459,Dicabisagan,PH,17.0818,122.4157,78.33,77,79,7.23,broken clouds
460,Oktyabr'skiy,RU,54.4815,53.471,42.01,94,93,6.26,overcast clouds
461,Port Shepstone,ZA,-30.7414,30.455,66.2,80,12,7.07,few clouds
462,Saint-Pierre,RE,-21.3393,55.4781,77.0,78,90,20.71,light rain
463,Shirokiy,RU,49.758,129.523,39.78,41,2,12.21,clear sky
464,Sulangan,PH,11.1373,123.7228,81.95,74,99,6.15,overcast clouds
465,Griffith,US,41.5284,-87.4237,57.2,76,1,5.75,clear sky
466,Majene,ID,-3.5403,118.9707,80.89,78,62,5.79,broken clouds
467,Ginir,ET,7.1333,40.7,56.71,90,68,4.0,light rain
468,Lima Duarte,BR,-21.8425,-43.7931,66.2,82,0,4.61,clear sky
469,Flinders,AU,-34.5833,150.8552,66.0,72,0,4.0,clear sky
470,Vostok,RU,46.4856,135.8833,33.39,38,26,11.39,scattered clouds
471,Gobabis,NA,-22.45,18.9667,60.21,28,0,9.24,clear sky
472,Winnemucca,US,40.973,-117.7357,60.8,21,40,20.71,scattered clouds
473,Maunabo,PR,18.0072,-65.8993,79.0,79,40,7.0,scattered clouds
474,Borogontsy,RU,62.6683,131.1683,27.25,86,99,1.97,overcast clouds
475,Puerto del Rosario,ES,28.5004,-13.8627,68.0,68,0,5.75,clear sky
476,Borovichi,RU,58.3878,33.9155,34.09,80,100,8.7,overcast clouds
477,Jinchang,CN,38.4953,102.1739,48.83,42,100,4.25,overcast clouds
478,Soyo,AO,-6.1349,12.3689,78.66,84,97,4.16,overcast clouds
479,Jiaocheng,CN,24.6774,116.1389,68.5,91,100,2.06,light rain
480,Kushima,JP,31.4583,131.2333,66.2,63,20,4.61,few clouds
481,Beloha,MG,-25.1667,45.05,69.94,72,1,6.22,clear sky
482,Suntar,RU,62.1444,117.6319,36.72,84,100,4.25,overcast clouds
483,Paramonga,PE,-10.6667,-77.8333,67.06,87,10,7.99,clear sky
484,Tipperary,IE,52.4733,-8.1558,44.01,73,5,1.01,clear sky
485,Venice of the Philippines,PH,4.6628,119.3928,82.24,72,96,2.93,overcast clouds
486,Salisbury,GB,51.0693,-1.7957,44.6,65,1,6.91,clear sky
487,Tura,IN,25.5198,90.2201,73.54,40,66,4.34,broken clouds
488,Darhan,MN,49.4867,105.9228,39.74,91,100,6.91,light rain
489,Ponta Delgada,PT,37.7333,-25.6667,59.0,82,75,16.11,broken clouds
490,Homer,US,59.6425,-151.5483,55.4,38,20,5.75,few clouds
491,Vila do Maio,CV,15.1333,-23.2167,69.8,78,40,14.97,scattered clouds
492,Umm Kaddadah,SD,13.6017,26.6876,84.97,14,91,17.22,overcast clouds
493,Sitka,US,57.0531,-135.33,60.8,20,20,10.36,few clouds
494,Burgersdorp,ZA,-30.9977,26.3286,48.56,29,37,3.69,scattered clouds
495,Barranca,PE,-10.75,-77.7667,66.6,85,6,7.02,clear sky
496,Heze,CN,35.2431,115.4411,53.55,87,100,10.07,overcast clouds
497,Odesskoye,RU,54.2111,72.9651,41.61,48,100,13.09,overcast clouds
498,Alyangula,AU,-13.8483,136.4192,82.4,78,75,6.91,broken clouds
499,Arlit,NE,18.7369,7.3853,89.6,12,33,9.26,scattered clouds
500,Singaraja,ID,-8.112,115.0882,80.92,76,21,3.29,few clouds
501,Tazovsky,RU,67.4667,78.7,17.78,94,95,8.5,overcast clouds
502,Zgorzelec,PL,51.1494,15.0084,33.01,87,68,1.01,broken clouds
503,Mareeba,AU,-17.0,145.4333,77.0,94,90,12.66,overcast clouds
504,Nurota,UZ,40.5614,65.6886,59.0,41,25,11.5,scattered clouds
505,Anta,IN,25.15,76.3,77.2,16,70,6.15,broken clouds
506,Bushenyi,UG,-0.5853,30.2114,61.05,94,94,1.41,light rain
507,Korla,CN,41.7597,86.1469,41.4,59,23,21.36,few clouds
508,San Cristobal,VE,7.7669,-72.225,78.8,89,75,4.61,light intensity drizzle
509,Zabul Province,AF,32.25,67.25,60.35,11,1,7.63,clear sky
510,Dagana,MR,16.5165,-15.5068,80.6,47,0,6.91,clear sky
511,Channel-Port aux Basques,CA,47.5702,-59.1367,33.76,91,39,12.66,scattered clouds
512,Xai-Xai,MZ,-25.0519,33.6442,65.97,91,18,5.12,few clouds
513,Kautokeino,NO,69.0125,23.0412,14.2,90,97,7.76,overcast clouds
514,Kirakira,SB,-10.4544,161.9205,85.19,67,96,2.17,overcast clouds
515,Weyburn,CA,49.6668,-103.8511,46.4,18,33,10.36,scattered clouds
516,Comodoro Rivadavia,AR,-45.8667,-67.5,53.6,82,0,8.1,clear sky
517,Sovetskiy,RU,61.3614,63.5842,39.36,92,100,4.25,overcast clouds
518,Oranjestad,AW,12.524,-70.027,80.6,78,20,18.41,few clouds
519,Butterworth,MY,5.3991,100.3638,82.0,89,20,5.75,few clouds
520,Bondo,CD,3.8146,23.6866,68.31,99,100,2.3,overcast clouds
521,Luhyny,UA,51.082,28.4006,32.11,81,9,7.83,clear sky
522,Kumul,CN,42.8,93.45,41.34,36,96,23.47,overcast clouds
523,Camapuã,BR,-19.5314,-54.0439,75.18,30,43,3.4,scattered clouds
524,Maun,BW,-19.9833,23.4167,55.4,67,0,2.3,clear sky
525,Buraidah,SA,26.326,43.975,73.4,28,0,6.91,clear sky
526,Ziarat,PK,30.3823,67.7282,52.41,33,0,0.81,clear sky
527,Mbandaka,CD,0.0487,18.2603,69.3,97,23,3.49,few clouds
528,Utica,US,43.1009,-75.2327,57.2,38,1,3.44,clear sky
529,Sežana,SI,45.7092,13.8733,52.0,81,6,4.14,clear sky
530,Ekibastuz,KZ,51.6667,75.3667,41.47,40,100,11.77,overcast clouds
531,Naryan-Mar,RU,67.6713,53.087,36.99,84,99,9.19,overcast clouds
532,Opuwo,NA,-18.0607,13.84,68.86,48,52,3.53,broken clouds
533,Ananas,HT,19.2466,-71.9557,74.34,77,41,4.83,scattered clouds
534,Makaleng,BW,-20.9,27.2833,61.11,34,1,6.35,clear sky
535,Atar,MR,20.5169,-13.0499,80.35,14,0,4.34,clear sky
536,Novobirilyussy,RU,56.9514,90.6661,32.77,97,100,3.38,overcast clouds
537,Cacequi,BR,-29.8836,-54.825,65.79,95,100,5.23,overcast clouds
538,Katangli,RU,51.7102,143.2326,33.75,68,4,8.12,clear sky
539,La Plata,AR,-34.9215,-57.9545,63.0,83,0,10.83,clear sky
540,Esim,GH,4.8699,-2.2405,80.64,85,80,7.4,light rain
541,Guilin,CN,25.2819,110.2864,64.4,82,90,4.47,moderate rain
542,Makakilo City,US,21.3469,-158.0858,84.2,47,75,6.91,broken clouds
543,Amalāpuram,IN,16.5833,82.0167,77.67,88,0,1.97,clear sky
544,Kangaatsiaq,GL,68.3065,-53.4641,32.68,86,3,10.2,clear sky
545,Menomonie,US,44.8755,-91.9193,43.0,56,1,16.11,clear sky
546,Sīrjān,IR,29.452,55.6814,66.11,40,98,2.28,overcast clouds
547,Salme,NP,28.0369,85.0942,57.2,67,20,3.44,few clouds
548,Inndyr,NO,67.0338,14.0276,35.6,69,40,13.8,light snow
549,Wattegama,LK,6.7989,81.4808,73.47,93,37,1.86,scattered clouds
550,Alofi,NU,-19.0595,-169.9187,82.4,83,74,9.22,broken clouds
551,Aberdeen,GB,57.1437,-2.0981,36.0,93,74,1.14,broken clouds
552,Palmer,US,42.1584,-72.3287,62.6,29,40,9.22,scattered clouds
553,Broken Hill,AU,-31.95,141.4333,59.0,58,0,5.75,clear sky
554,Bolilao,PH,10.8833,122.7333,82.35,72,93,3.6,overcast clouds
555,Plovdiv,BG,42.15,24.75,48.0,93,100,3.44,overcast clouds
556,Kholm,RU,59.2667,32.85,33.89,90,100,5.06,light snow
557,Dakar,SN,14.6937,-17.4441,68.0,94,40,9.22,scattered clouds
558,Takayama,JP,36.1333,137.25,62.01,67,75,8.05,broken clouds
559,Prince Albert,CA,53.2001,-105.7677,41.0,26,75,10.36,broken clouds
560,Warrnambool,AU,-38.3833,142.4833,55.0,97,56,7.18,broken clouds
561,Distrikt Paramaribo,SR,5.8667,-55.1667,77.0,94,40,6.91,light rain
562,Apac,UG,1.9756,32.5386,65.82,97,98,3.29,light rain
563,Laramie,US,41.3114,-105.5911,55.4,21,20,17.27,few clouds
564,Anáhuac,MX,27.2333,-100.15,95.0,8,1,11.36,clear sky
565,Zapolyarnyy,RU,69.4154,30.8136,32.0,93,75,14.97,broken clouds
566,Manglisi,GE,41.697,44.3845,55.4,58,0,19.57,clear sky
567,Yerbogachën,RU,61.2767,108.0108,34.72,86,100,2.37,overcast clouds
568,Tres Picos,MX,15.8667,-93.5333,84.85,61,100,5.23,overcast clouds
569,Lusambo,CD,-4.9667,23.45,68.59,99,85,1.63,overcast clouds
570,Sorgun,TR,39.8101,35.186,47.3,86,100,6.17,overcast clouds
571,Pangnirtung,CA,66.1451,-65.7125,28.54,82,10,5.19,clear sky
572,Jambi City,ID,-1.6,103.6167,73.49,97,96,0.69,overcast clouds
573,Corrente,BR,-3.7367,-43.3394,73.33,97,97,3.27,light rain
574,Caniço,PT,32.6333,-16.85,60.8,72,40,2.3,scattered clouds
575,Mazatlán,MX,23.2167,-106.4167,86.0,42,20,14.97,few clouds
576,Thai Binh,VN,20.45,106.3333,80.6,89,90,5.75,overcast clouds
577,Goderich,CA,43.7501,-81.7165,55.4,44,100,8.05,overcast clouds
578,Clyde River,CA,70.4692,-68.5914,17.6,93,90,2.3,overcast clouds
579,Papetoai,PF,-17.4961,-149.8729,84.0,74,75,8.05,light rain
580,Liverpool,GB,53.4106,-2.9779,46.99,76,20,13.8,few clouds
581,Chipinge,ZW,-20.1883,32.6236,59.56,62,0,4.41,clear sky
582,Fakel,RU,57.6325,53.0252,40.77,95,100,9.62,light rain
583,Kidal,ML,18.4411,1.4078,86.05,8,0,7.4,clear sky
584,Rantauprapat,ID,2.1,99.8333,73.04,96,100,0.94,overcast clouds
585,Tarquinia,IT,42.2482,11.7553,48.2,93,0,4.61,clear sky
586,Pisco,PE,-13.7,-76.2167,66.99,88,0,17.27,clear sky
587,Cayenne,GF,4.9333,-52.3333,79.0,89,90,3.44,overcast clouds
588,Banyumas,ID,-7.5142,109.2942,78.21,78,35,1.79,scattered clouds
589,Kodinsk,RU,58.6881,99.1844,34.18,99,100,2.08,light snow
590,Oban,GB,56.4127,-5.4706,46.0,80,77,1.74,broken clouds
591,Trincomalee,LK,8.5711,81.2335,81.34,76,24,5.97,few clouds
592,Dingle,PH,10.9995,122.6711,82.44,70,97,1.32,overcast clouds
593,Kinablangan,PH,7.6947,126.5503,83.89,64,70,1.86,broken clouds
594,South Kazakhstan Region,KZ,43.0,68.0,57.83,45,1,4.85,clear sky
595,Stolin,BY,51.8912,26.846,33.62,88,76,7.0,broken clouds
596,Havre-St-Pierre,CA,50.2334,-63.5986,37.4,87,1,13.8,clear sky
597,Lewistown,US,40.5992,-77.5714,53.01,64,100,3.8,overcast clouds
598,Queanbeyan,AU,-35.35,149.2333,57.0,66,1,3.44,clear sky
599,Hay River,CA,60.8156,-115.7999,28.4,54,75,8.05,broken clouds
600,Liaocheng,CN,36.4439,115.9647,54.9,64,100,14.81,overcast clouds
601,Nogales,MX,31.3086,-110.9422,84.0,12,1,12.66,clear sky
602,Raipur,IN,21.2333,81.6333,81.99,19,0,1.39,clear sky
603,Archidona,ES,37.0965,-4.3887,57.99,93,100,3.0,overcast clouds
604,Gonder,ET,12.6,37.4667,64.74,51,86,5.75,overcast clouds
605,Harper,LR,4.375,-7.7169,81.14,82,95,7.74,light rain
606,Crixás,BR,-14.5489,-49.9692,74.08,64,29,2.39,scattered clouds
607,Ilula,TZ,-7.6766,36.0366,63.34,98,89,3.47,light rain
608,Asmara,ER,15.3333,38.9333,60.66,62,7,2.35,clear sky
609,Arinos,BR,-15.9169,-46.1056,72.9,56,7,2.8,clear sky
610,Rypefjord,NO,70.6333,23.6667,28.4,64,40,6.91,scattered clouds
611,Gamba,GA,-2.65,10.0,75.02,86,92,2.48,overcast clouds
612,Yavatmal,IN,20.4,78.1333,83.95,19,37,1.03,scattered clouds
613,Sukumo,JP,32.9333,132.7333,67.93,58,5,5.3,clear sky
614,Hilton Head,US,32.2163,-80.7526,66.0,94,90,12.66,heavy intensity rain
615,Aykhal,RU,66.0,111.5,27.52,90,99,5.73,overcast clouds
616,Gladstone,AU,-23.85,151.25,77.0,44,56,12.66,broken clouds
617,Impfondo,CG,1.6381,18.0667,71.2,89,50,3.36,scattered clouds
618,Grottammare,IT,42.9888,13.8649,41.0,81,18,5.75,few clouds
619,Tual,ID,-5.6667,132.75,84.88,65,100,14.97,overcast clouds
620,Watrous,CA,51.6668,-105.4679,41.0,19,100,6.91,overcast clouds
621,Diré,ML,12.2833,-10.9667,88.65,18,33,1.74,scattered clouds
622,Bolotnoye,RU,55.6717,84.3981,34.27,89,99,5.79,overcast clouds
623,Uchaly,RU,54.2996,59.4521,36.57,89,100,1.77,light rain
624,Kloulklubed,PW,7.0419,134.2556,86.0,74,75,14.97,broken clouds
625,Vazhiny,RU,60.9644,34.0222,36.45,97,100,7.7,overcast clouds
626,Keffi,NG,8.8486,7.8736,80.6,74,40,2.3,light rain
627,Mitsamiouli,KM,-11.3847,43.2844,81.0,74,99,9.98,overcast clouds
628,El Bagre,CO,7.5927,-74.8086,76.42,94,90,0.43,overcast clouds
629,Port Moresby,PG,-9.4431,147.1797,82.4,83,40,8.05,haze
630,Sigayevo,RU,56.4216,53.7757,42.01,94,100,5.01,overcast clouds
631,Nelson Bay,AU,-32.7167,152.15,66.0,63,3,11.5,clear sky
632,Tūkrah,LY,32.5341,20.5791,61.3,83,81,16.06,broken clouds
633,Baiyin,CN,36.5583,104.2081,44.6,76,90,6.71,overcast clouds
634,Araouane,ML,18.9048,-3.5265,90.37,12,71,7.85,broken clouds
635,Kutum,SD,14.2,24.6667,78.57,16,96,11.5,overcast clouds
636,Praia,CV,14.9215,-23.5087,69.8,78,40,14.97,scattered clouds
637,Kuah,MY,6.3265,99.8432,78.8,89,20,4.61,few clouds
638,Aquin,HT,18.2833,-73.4,77.23,79,7,2.93,clear sky
639,Tulun,RU,54.5611,100.5792,34.14,71,99,3.13,overcast clouds
640,Goianápolis,BR,-16.5106,-49.0239,71.6,73,0,2.3,clear sky
641,Yārāda,IN,17.65,83.2667,80.6,89,40,2.3,mist
642,Maniitsoq,GL,65.4167,-52.9,37.18,72,39,2.73,scattered clouds
643,Yeppoon,AU,-23.1333,150.7333,77.0,50,82,11.5,broken clouds
644,Matamoros,MX,25.5333,-103.25,86.0,6,1,5.75,clear sky
645,Pogar,RU,52.554,33.2591,31.39,80,22,11.03,few clouds
646,Broome,US,42.2506,-75.833,57.2,33,1,5.75,clear sky
647,Dodge City,US,37.7528,-100.0171,64.4,39,1,14.97,clear sky
648,Nouakchott,MR,18.0858,-15.9785,66.2,88,31,10.36,scattered clouds
649,Kiruna,SE,67.8557,20.2251,24.8,68,90,9.22,overcast clouds
650,Rio Grande,BR,-32.035,-52.0986,64.99,93,100,8.25,overcast clouds
651,Ciudad Bolivar,VE,8.1222,-63.5497,85.84,53,92,17.69,overcast clouds
652,Bandarbeyla,SO,9.4942,50.8122,82.36,77,36,6.04,light rain
653,Babaeski,TR,41.4325,27.0931,48.94,82,100,5.26,light rain
654,Spring Valley,US,36.108,-115.245,86.0,8,75,26.46,broken clouds
655,Joshīmath,IN,30.5667,79.5667,44.91,47,38,12.15,scattered clouds
656,Jiangyan,CN,32.5061,120.1428,66.0,94,100,7.83,overcast clouds
657,Arman',RU,59.7,150.1667,22.91,59,100,11.77,overcast clouds
658,Pedasí,PA,7.5333,-80.0333,82.51,76,76,11.52,broken clouds
659,Suez,EG,29.9737,32.5263,66.07,42,53,6.49,broken clouds
660,Sire,NG,12.9299,5.2043,84.06,38,98,8.28,overcast clouds
661,Charleston,US,32.7766,-79.9309,66.2,94,90,13.8,heavy intensity rain
662,Great Yarmouth,GB,52.6083,1.7305,44.01,93,75,3.44,broken clouds
663,Sayyan,YE,15.1718,44.3244,57.88,52,11,1.57,few clouds
664,Keelung,TW,25.1283,121.7419,77.0,73,75,11.5,broken clouds
665,Salani,IN,29.957,79.7127,55.35,39,30,6.17,scattered clouds
666,Kirensk,RU,57.7853,108.1119,35.47,98,100,4.5,light snow
667,Nantucket,US,41.2835,-70.0995,48.99,76,1,17.27,clear sky
668,Santa Cruz de La Palma,ES,28.6835,-17.7642,68.0,45,0,9.22,clear sky
669,Eilat,IL,29.5581,34.9482,75.2,43,0,6.91,clear sky
670,Sosnovo-Ozerskoye,RU,52.5249,111.5418,41.18,38,100,5.91,overcast clouds
671,Monteiro,BR,-7.8894,-37.12,71.94,74,50,6.29,scattered clouds
672,Rehoboth,NA,-23.3167,17.0833,62.2,33,15,1.68,few clouds
673,Launceston,AU,-41.45,147.1667,54.0,71,35,14.97,scattered clouds
674,Phayuha Khiri,TH,15.4553,100.1353,86.0,97,100,7.83,overcast clouds
675,Puerto Suárez,BO,-18.95,-57.8,72.39,91,99,8.79,light rain
676,Poya,NC,-21.35,165.15,76.46,81,100,7.27,overcast clouds
677,Fremont,US,37.5483,-121.9886,63.0,48,1,13.8,clear sky
678,Kendari,ID,-3.945,122.4989,80.1,80,8,2.84,clear sky
679,Lotoshino,RU,56.2267,35.6414,32.02,85,97,14.61,overcast clouds
680,Albanel,CA,48.8832,-72.4487,51.8,43,96,9.22,overcast clouds
681,Pilane,BW,-24.45,26.1333,55.4,58,0,4.61,clear sky
682,Marsabit,KE,2.3284,37.9899,67.64,71,88,8.77,overcast clouds
683,Coahuayana Viejo,MX,18.7333,-103.6833,80.6,36,1,5.57,clear sky
684,Marfino,RU,55.7028,37.3822,35.01,80,0,15.66,clear sky
685,Zhigansk,RU,66.7697,123.3711,33.37,99,100,6.89,light snow
686,Teya,RU,60.3778,92.6267,34.27,91,100,2.33,overcast clouds
687,Ligayan,PH,4.6533,119.4706,82.17,73,96,3.2,overcast clouds
688,Podujevo,XK,42.9106,21.1931,41.0,60,0,2.3,clear sky
689,Panlaitan,PH,12.1191,119.8486,82.11,73,78,6.98,broken clouds
690,Nur-Sultan,KZ,51.1801,71.446,37.4,48,0,11.18,clear sky
691,Bariloche,AR,-41.1456,-71.3082,52.0,61,0,6.91,clear sky
692,Russell,US,32.3502,-85.1999,66.2,94,90,8.05,overcast clouds
693,Kurayoshi,JP,35.4333,133.8167,62.6,63,75,5.75,broken clouds
694,Businga,CD,3.3333,20.8833,71.6,94,100,3.0,overcast clouds
695,Puri,IN,19.8,85.85,80.6,94,20,6.91,haze
696,Fasa,IR,28.9383,53.6482,60.8,51,0,4.61,clear sky
697,Roanoke Rapids,US,36.4615,-77.6542,53.6,100,90,8.05,moderate rain
698,Shimoda,JP,34.6667,138.95,66.2,68,40,14.97,scattered clouds
699,Marmora,IT,44.4583,7.094,55.99,87,28,4.61,scattered clouds
700,Lensk,RU,60.7253,114.9278,35.82,81,100,1.92,overcast clouds
701,Sur,OM,22.5667,59.5289,83.98,39,0,7.94,clear sky
702,Walvis Bay,NA,-22.9575,14.5053,57.2,94,11,2.3,few clouds
703,Moerai,PF,-22.4333,-151.3333,76.35,66,93,10.51,overcast clouds
704,Baturaja,ID,-4.1333,104.1667,74.35,87,99,1.25,overcast clouds
705,Grand Baie,MU,-20.0182,57.5802,77.0,84,100,8.99,light rain
706,Mitsuke,JP,37.5333,138.9333,55.99,77,100,1.01,light rain
707,Bubaque,GW,11.2833,-15.8333,78.53,65,3,19.6,clear sky
708,Lubango,AO,-14.9172,13.4925,61.12,71,94,2.04,overcast clouds
709,Talnakh,RU,69.4865,88.3972,14.27,95,99,9.13,overcast clouds
710,Imbituba,BR,-28.24,-48.6703,71.6,83,0,4.61,clear sky
711,Arrondissement de Saint-Denis,FR,48.9167,2.3333,53.01,53,0,11.5,clear sky
712,Bambanglipuro,ID,-7.95,110.2833,77.34,78,42,3.2,scattered clouds
713,Ca Mau,VN,9.1769,105.15,82.0,73,32,5.21,scattered clouds
714,Bekhtery,UA,46.251,32.2927,42.01,100,47,5.26,scattered clouds
715,La Santisima Trinidad,BO,-14.8333,-64.9,78.8,94,75,5.75,broken clouds
716,Surgut,RU,61.25,73.4167,30.2,100,100,2.24,overcast clouds
717,Agapovka,RU,53.2973,59.1348,37.4,100,90,2.24,mist
